,paper_id,author_name,year,journal
0,15472450903385999, Cindy Cappelle ,2010,jits
1,15472450903385999, Maan El Badaoui El Najjar ,2010,jits
2,15472450903385999, Denis Pomorski ,2010,jits
3,15472450903385999, François Charpillet ,2010,jits
4,15472450903386005, Kyoung-Ho Choi ,2010,jits
5,15472450903386005, Soon-Young Park ,2010,jits
6,15472450903386005, Seong-Hoon Kim ,2010,jits
7,15472450903386005, Ki-Sung Lee ,2010,jits
8,15472450903386005, Jeong-Ho Park ,2010,jits
9,15472450903386005, Seong-Ik Cho ,2010,jits
10,15472450903386005, Jong-Hyun Park ,2010,jits
11,15472450903386013, Hao Xu ,2010,jits
12,15472450903386013, Hongchao Liu ,2010,jits
13,15472450903386013, Chin-Woo Tan ,2010,jits
14,15472450903386013, Yuanlu Bao ,2010,jits
15,15472451003719699, Xuegang Jeff Ban ,2010,jits
16,15472451003719699, Yuwei Li ,2010,jits
17,15472451003719699, Alexander Skabardonis ,2010,jits
18,15472451003719699, J. D. Margulici ,2010,jits
19,15472451003719715, Kamonthep Tuerprasert ,2010,jits
20,15472451003719715, Chaodit Aswakul ,2010,jits
21,15472451003719723, Hema Tanikella ,2010,jits
22,15472451003719723, Brian L. Smith ,2010,jits
23,15472451003719756, Xing Zheng ,2010,jits
24,15472451003719756, Will Recker ,2010,jits
25,15472451003719756, Lianyu Chu ,2010,jits
26,15472451003719764, Cameron Kergaye ,2010,jits
27,15472451003719764, Aleksandar Stevanovic ,2010,jits
28,15472451003719764, Peter T. Martin ,2010,jits
29,15472450.2010.484740, Stef Proost ,2010,jits
30,15472450.2010.484740, Saskia van der Loo ,2010,jits
31,15472450.2010.484742, Laurent Denant-Boèmont ,2010,jits
32,15472450.2010.484742, Sabrina Hammiche ,2010,jits
33,15472450.2010.484746, Caspar G. Chorus ,2010,jits
34,15472450.2010.484746, Joan L. Walker ,2010,jits
35,15472450.2010.484746, Moshe E. Ben-Akiva ,2010,jits
36,15472450.2010.484749, M. De Lapparent ,2010,jits
37,15472450.2010.484751, Nebiyou Y. Tilahun ,2010,jits
38,15472450.2010.484751, David M. Levinson ,2010,jits
39,15472450.2010.484753, Yanyan Chen ,2010,jits
40,15472450.2010.484753, Michael G. H. Bell ,2010,jits
41,15472450.2010.484753, Klaus Bogenberger ,2010,jits
42,15472450.2010.516226, Cornelie J. G. Van Driel ,2010,jits
43,15472450.2010.516226, Bart Van Arem ,2010,jits
44,15472450.2010.516229, Chanyoung Lee ,2010,jits
45,15472450.2010.516229, Bin Ran ,2010,jits
46,15472450.2010.516229, Fan Yang ,2010,jits
47,15472450.2010.516229, Wei-Yin Loh ,2010,jits
48,15472450.2010.516232, Ruey Long Cheu ,2010,jits
49,15472450.2010.516232, Hao Lei ,2010,jits
50,15472450.2010.516232, Raed Aldouri ,2010,jits
51,15472450.2010.517477, Hesham Rakha ,2010,jits
52,15472450.2010.517477, Ihab El-Shawarby ,2010,jits
53,15472450.2010.517477, Mazen Arafeh ,2010,jits
54,15472450.2011.544571, Mecit Cetin ,2011,jits
55,15472450.2011.544571, Christopher M. Monsere ,2011,jits
56,15472450.2011.544571, Andrew P. Nichols ,2011,jits
57,15472450.2011.544576, Seyedehsan Seyedabrishami ,2011,jits
58,15472450.2011.544576, Yousef Shafahi ,2011,jits
59,15472450.2011.544584, Minseok Kim ,2011,jits
60,15472450.2011.544584, Elise Miller-Hooks ,2011,jits
61,15472450.2011.544584, Rahul Nair ,2011,jits
62,15472450.2011.544587, Mohammed Hadi ,2011,jits
63,15472450.2011.544587, Prasoon Sinha ,2011,jits
64,15472450.2011.544589, Rami Harb ,2011,jits
65,15472450.2011.544589, Essam Radwan ,2011,jits
66,15472450.2011.544589, Mohamed Abdel-Aty ,2011,jits
67,15472450.2011.544589, Xiaogang Su ,2011,jits
68,15472450.2011.570103, Wei Wang ,2011,jits
69,15472450.2011.570103, Jing Jin ,2011,jits
70,15472450.2011.570103, Bin Ran ,2011,jits
71,15472450.2011.570103, Xiucheng Guo ,2011,jits
72,15472450.2011.570109, Ehsan Mazloumi ,2011,jits
73,15472450.2011.570109, Geoff Rose ,2011,jits
74,15472450.2011.570109, Graham Currie ,2011,jits
75,15472450.2011.570109, Majid Sarvi ,2011,jits
76,15472450.2011.570111, Jinwoo Lee ,2011,jits
77,15472450.2011.570111, Garland Chow ,2011,jits
78,15472450.2011.570114, Jingxin Xia ,2011,jits
79,15472450.2011.570114, Mei Chen ,2011,jits
80,15472450.2011.570114, Wei Huang ,2011,jits
81,15472450.2011.594669, Faramak Zandi ,2011,jits
82,15472450.2011.594669, Madjid Tavana ,2011,jits
83,15472450.2011.594681, Yan Zhou ,2011,jits
84,15472450.2011.594681, Glenn Hamilton Evans Jr. ,2011,jits
85,15472450.2011.594681, Mashrur Chowdhury ,2011,jits
86,15472450.2011.594681, Kuang-Ching Wang ,2011,jits
87,15472450.2011.594681, Ryan Fries ,2011,jits
88,15472450.2011.594691, Ivan Wang-Hei Ho ,2011,jits
89,15472450.2011.594691, Robin J. North ,2011,jits
90,15472450.2011.594691, John W. Polak ,2011,jits
91,15472450.2011.594691, Kin K. Leung ,2011,jits
92,15472450.2011.620474, Luca Caviglione ,2011,jits
93,15472450.2011.620474, Cristiano Cervellera ,2011,jits
94,15472450.2011.620478, Diange Yang ,2011,jits
95,15472450.2011.620478, Tao Zhang ,2011,jits
96,15472450.2011.620478, Jiangtao Li ,2011,jits
97,15472450.2011.620478, Xiaomin Lian ,2011,jits
98,15472450.2011.620487, Enrique Castillo ,2011,jits
99,15472450.2011.620487, Inmaculada Gallego ,2011,jits
100,15472450.2011.620487, José María Menéndez ,2011,jits
101,15472450.2011.620487, Pilar Jiménez ,2011,jits
102,15472450.2011.620490, Wei-Hua Lin ,2011,jits
103,15472450.2011.620490, Hong K. Lo ,2011,jits
104,15472450.2011.620490, Lin Xiao ,2011,jits
105,15472450.2012.639635, Ana L. C. Bazzan ,2012,jits
106,15472450.2012.639635, M. de Brito do Amarante ,2012,jits
107,15472450.2012.639635, F. B. Da Costa ,2012,jits
108,15472450.2012.639640, Sara Moridpour ,2012,jits
109,15472450.2012.639640, Majid Sarvi ,2012,jits
110,15472450.2012.639640, Geoff Rose ,2012,jits
111,15472450.2012.639640, Ehsan Mazloumi ,2012,jits
112,15472450.2012.639641, Andreas Tapani ,2012,jits
113,15472450.2012.671706, Hamideh Etemadnia ,2012,jits
114,15472450.2012.671706, Khaled Abdelghany ,2012,jits
115,15472450.2012.671706, Salim Hariri ,2012,jits
116,15472450.2012.671708, Jing-Quan Li ,2012,jits
117,15472450.2012.671708, Kun Zhou ,2012,jits
118,15472450.2012.671708, Liping Zhang ,2012,jits
119,15472450.2012.671708, Wei-Bin Zhang ,2012,jits
120,15472450.2012.671709, Swaroop Darbha ,2012,jits
121,15472450.2012.671709, Woosuk Choi ,2012,jits
122,15472450.2012.671711, Patikhom Cheevarunothai ,2012,jits
123,15472450.2012.671711, Guohui Zhang ,2012,jits
124,15472450.2012.671711, Jianyang Zheng ,2012,jits
125,15472450.2012.671711, Yinhai Wang ,2012,jits
126,15472450.2012.671711, Shi An ,2012,jits
127,15472450.2012.671713, Jose Luis Espinosa-Aranda ,2012,jits
128,15472450.2012.671713, Ricardo García-Ródenas ,2012,jits
129,15472450.2012.688384, Eleni I. Vlahogianni ,2012,jits
130,15472450.2012.688384, Matthew G. Karlaftis ,2012,jits
131,15472450.2012.688384, Foteini P. Orfanou ,2012,jits
132,15472450.2012.688388, Jun-Seok Oh ,2012,jits
133,15472450.2012.688388, Hyunmyung Kim ,2012,jits
134,15472450.2012.688388, R. Jayakrishnan ,2012,jits
135,15472450.2012.691842, Hany M. Hassan ,2012,jits
136,15472450.2012.691842, Mohamed A. Abdel-Aty ,2012,jits
137,15472450.2012.691842, Keechoo Choi ,2012,jits
138,15472450.2012.691842, Saad A. Algadhi ,2012,jits
139,15472450.2012.691852, Nagendra R. Velaga ,2012,jits
140,15472450.2012.691852, Mohammed A. Quddus ,2012,jits
141,15472450.2012.691852, Abigail L. Bristow ,2012,jits
142,15472450.2012.694788, Weihao Yin ,2012,jits
143,15472450.2012.694788, Pamela Murray-Tuite ,2012,jits
144,15472450.2012.694788, Hesham Rakha ,2012,jits
145,15472450.2012.704340, Jeffrey S. Hickman ,2012,jits
146,15472450.2012.704340, Feng Guo ,2012,jits
147,15472450.2012.704340, Richard J. Hanowski ,2012,jits
148,15472450.2012.704340, Richard Bishop ,2012,jits
149,15472450.2012.704340, Gene Bergoffen ,2012,jits
150,15472450.2012.704340, Dan Murray ,2012,jits
151,15472450.2012.706196, Yunteng Lao ,2012,jits
152,15472450.2012.706196, Guohui Zhang ,2012,jits
153,15472450.2012.706196, Jonathan Corey ,2012,jits
154,15472450.2012.706196, Yinhai Wang ,2012,jits
155,15472450.2012.710159, Gideon Mbiydzenyuy ,2012,jits
156,15472450.2012.710159, Jan A. Persson ,2012,jits
157,15472450.2012.710159, Paul Davidsson ,2012,jits
158,15472450.2012.710156, Yichang Tsai ,2012,jits
159,15472450.2012.710156, Thibaut Dusanter ,2012,jits
160,15472450.2012.710156, Yiching Wu ,2012,jits
161,15472450.2012.710156, Chengbo Ai ,2012,jits
162,15472450.2012.710156, Quentin Caïtucoli ,2012,jits
163,15472450.2012.710158, Bin Ran ,2012,jits
164,15472450.2012.710158, Peter J. Jin ,2012,jits
165,15472450.2012.710158, David Boyce ,2012,jits
166,15472450.2012.710158, Tony Z. Qiu ,2012,jits
167,15472450.2012.710158, Yang Cheng ,2012,jits
168,15472450.2012.704336, Liya Guo ,2013,jits
169,15472450.2012.704336, Shan Huang ,2013,jits
170,15472450.2012.704336, Adel W. Sadek ,2013,jits
171,15472450.2012.716639, Luc Wismans ,2013,jits
172,15472450.2012.716639, Eric Van Berkum ,2013,jits
173,15472450.2012.716639, Michiel Bliemer ,2013,jits
174,15472450.2012.719455, F. Soriguera ,2013,jits
175,15472450.2012.719455, J. M. Torné ,2013,jits
176,15472450.2012.719455, D. Rosas ,2013,jits
177,15472450.2012.716663, Rami Puzis ,2013,jits
178,15472450.2012.716663, Yaniv Altshuler ,2013,jits
179,15472450.2012.716663, Yuval Elovici ,2013,jits
180,15472450.2012.716663, Shlomo Bekhor ,2013,jits
181,15472450.2012.716663, Yoram Shiftan ,2013,jits
182,15472450.2012.716663, Alex (Sandy) Pentland ,2013,jits
183,15472450.2013.784653, Montasir Abbas ,2013,jits
184,15472450.2013.784653, Lakshmi Rajasekhar ,2013,jits
185,15472450.2013.784653, Asmita Gharat ,2013,jits
186,15472450.2013.784653, John Paul Dunning ,2013,jits
187,15472450.2012.696452, J. David Porter ,2013,jits
188,15472450.2012.696452, David S. Kim ,2013,jits
189,15472450.2012.696452, Mario E. Magaña ,2013,jits
190,15472450.2012.696452, Panupat Poocharoen ,2013,jits
191,15472450.2012.696452, Carlos Antar Gutierrez Arriaga ,2013,jits
192,15472450.2012.696449, Chris Bachmann ,2013,jits
193,15472450.2012.696449, Matthew J. Roorda ,2013,jits
194,15472450.2012.696449, Baher Abdulhai ,2013,jits
195,15472450.2012.696449, Behzad Moshiri ,2013,jits
196,15472450.2012.748555, Wenxin Qiao ,2013,jits
197,15472450.2012.748555, Ali Haghani ,2013,jits
198,15472450.2012.748555, Masoud Hamedi ,2013,jits
199,15472450.2012.712495, Shin-Ting (Cindy) Jeng ,2013,jits
200,15472450.2012.712495, K. S. Nesamani ,2013,jits
201,15472450.2012.712495, Stephen G. Ritchie ,2013,jits
202,15472450.2012.704338, Alexander Skabardonis ,2013,jits
203,15472450.2012.704338, Nikolas Geroliminis ,2013,jits
204,15472450.2012.704338, Eleni Christofa ,2013,jits
205,15472450.2012.716670, Jinpeng Lv ,2013,jits
206,15472450.2012.716670, Yunlong Zhang ,2013,jits
207,15472450.2012.716670, Joe Zietsman ,2013,jits
208,15472450.2012.716641, Mo Zhao ,2013,jits
209,15472450.2012.716641, Anuj Sharma ,2013,jits
210,15472450.2012.716641, Dave G. Bernt ,2013,jits
211,15472450.2012.716641, Joshua A. Meyer ,2013,jits
212,15472450.2012.716641, Benjamin Dickey ,2013,jits
213,15472450.2012.716641, Scott Rosenbaugh ,2013,jits
214,15472450.2012.716641, Elizabeth Jones ,2013,jits
215,15472450.2012.716641, Laurence Rilett ,2013,jits
216,15472450.2012.716651, Steven Lavrenz ,2013,jits
217,15472450.2012.716651, Konstantina Gkritza ,2013,jits
218,15472450.2012.721330, Rodrigo C. Carlson ,2013,jits
219,15472450.2012.721330, Ioannis Papamichail ,2013,jits
220,15472450.2012.721330, Markos Papageorgiou ,2013,jits
221,15472450.2012.729380, Wanjing Ma ,2013,jits
222,15472450.2012.729380, Yue Liu ,2013,jits
223,15472450.2012.729380, Xiaoguang Yang ,2013,jits
224,15472450.2013.771105, Jianyang Zheng ,2013,jits
225,15472450.2013.771105, Xiaolei Ma ,2013,jits
226,15472450.2013.771105, Yao-Jan Wu ,2013,jits
227,15472450.2013.771105, Yinhai Wang ,2013,jits
228,15472450.2013.801717, Chiara Colombaroni ,2014,jits
229,15472450.2013.801717, Gaetano Fusco ,2014,jits
230,15472450.2013.773250, Luc Wismans ,2014,jits
231,15472450.2013.773250, Eric Van Berkum ,2014,jits
232,15472450.2013.773250, Michiel Bliemer ,2014,jits
233,15472450.2013.802156, Gennaro Nicola Bifulco ,2014,jits
234,15472450.2013.802156, Giulio Erberto Cantarella ,2014,jits
235,15472450.2013.802156, Fulvio Simonelli ,2014,jits
236,15472450.2013.773225, Yufei Yuan ,2014,jits
237,15472450.2013.773225, Hans Van Lint ,2014,jits
238,15472450.2013.773225, Femke Van Wageningen-Kessels ,2014,jits
239,15472450.2013.773225, Serge Hoogendoorn ,2014,jits
240,15472450.2013.773249, Rodric Frederix ,2014,jits
241,15472450.2013.773249, Francesco Viti ,2014,jits
242,15472450.2013.773249, Willem W. E. Himpe ,2014,jits
243,15472450.2013.773249, Chris M. J. Tampère ,2014,jits
244,15472450.2013.802152, Willem W. E. Himpe ,2014,jits
245,15472450.2013.802152, Chris M. J. Tampère ,2014,jits
246,15472450.2013.802152, Bieke Moelans ,2014,jits
247,15472450.2013.802155, Fangfang Zheng ,2014,jits
248,15472450.2013.802155, Henk Van Zuylen ,2014,jits
249,15472450.2013.801712, Giovanni Luca Giacco ,2014,jits
250,15472450.2013.801712, Andrea D’Ariano ,2014,jits
251,15472450.2013.801712, Dario Pacciarelli ,2014,jits
252,15472450.2013.801714, Francesco Corman ,2014,jits
253,15472450.2013.801714, Andrea D’Ariano ,2014,jits
254,15472450.2013.801714, Ingo A. Hansen ,2014,jits
255,15472450.2013.802160, Giovanni Andreatta ,2014,jits
256,15472450.2013.802160, Lorenzo Capanna ,2014,jits
257,15472450.2013.802160, Luigi De Giovanni ,2014,jits
258,15472450.2013.802160, Michele Monaci ,2014,jits
259,15472450.2013.802160, Luca Righi ,2014,jits
260,15472450.2013.785327,Manwo Ng,2014,jits
261,15472450.2013.785327,Kanthimathi Sathasivan,2014,jits
262,15472450.2013.801708,Benjamin Coifman,2014,jits
263,15472450.2013.801708,Srikanth Neelisetty,2014,jits
264,15472450.2013.801711,Mark Richard Wilby,2014,jits
265,15472450.2013.801711,Juan José Vinagre Díaz,2014,jits
266,15472450.2013.801711,Ana Belén Rodríguez Gonz´lez,2014,jits
267,15472450.2013.801711,Miguel Ángel Sotelo,2014,jits
268,15472450.2013.802151,Rui Guo,2014,jits
269,15472450.2013.802151,Yu Zhang,2014,jits
270,15472450.2013.806851,Bi Yu Chen,2014,jits
271,15472450.2013.806851,William H. K. Lam,2014,jits
272,15472450.2013.806851,Agachai Sumalee,2014,jits
273,15472450.2013.806851,Qingquan Li,2014,jits
274,15472450.2013.806851,Mei Lam Tam,2014,jits
275,15472450.2013.806858,JinYoung Kim,2014,jits
276,15472450.2013.806858,Fumitaka Kurauchi,2014,jits
277,15472450.2013.806858,Nobuhiro Uno,2014,jits
278,15472450.2013.806858,Takeshi Hagihara,2014,jits
279,15472450.2013.806858,Takehiko Daito,2014,jits
280,15472450.2013.806854,Gunnar Flötteröd,2014,jits
281,15472450.2013.806854,Ronghui Liu,2014,jits
282,15472450.2013.806847,Mitsuhisa Tanaka,2014,jits
283,15472450.2013.806847,Nobuhiro Uno,2014,jits
284,15472450.2013.806847,Yasuhiro Shiomi,2014,jits
285,15472450.2013.806847,Yoongho Ahn,2014,jits
286,15472450.2013.810994,Qi Wang,2014,jits
287,15472450.2013.810994,Zhiheng Li,2014,jits
288,15472450.2013.810994,Li Li,2014,jits
289,15472450.2013.824757,Runze Yu,2014,jits
290,15472450.2013.824757,Yunteng Lao,2014,jits
291,15472450.2013.824757,Xiaolei Ma,2014,jits
292,15472450.2013.824757,Yinhai Wang,2014,jits
293,15472450.2013.824762,Young-Ji Byon,2014,jits
294,15472450.2013.824762,Steve Liang,2014,jits
295,15472450.2013.824763,Xin Zhang,2014,jits
296,15472450.2013.824763,Gang-Len Chang,2014,jits
297,15472450.2013.836927,Hassan A. Karimi,2014,jits
298,15472450.2013.836927,Duangduen Asavasuthirakul,2014,jits
299,15472450.2013.836928,Gonçalo Homem De Almeida Correia,2014,jits
300,15472450.2013.836928,Diana Ramos Jorge,2014,jits
301,15472450.2013.836928,David Marques Antunes,2014,jits
302,15472450.2013.836929,Chung-Cheng Lu,2014,jits
303,15472450.2013.836929,Xuesong Zhou,2014,jits
304,15472450.2013.806846,Rodrigo Mesa-Arango,2014,jits
305,15472450.2013.806846,Satish V. Ukkusuri,2014,jits
306,15472450.2013.806753,Ye Tian,2014,jits
307,15472450.2013.806753,Yi-Chang Chiu,2014,jits
308,15472450.2013.806764,Yu-Chiun Chiou,2014,jits
309,15472450.2013.806764,Lawrence W. Lan,2014,jits
310,15472450.2013.806764,Chun-Ming Tseng,2014,jits
311,15472450.2013.806844,Asha Anand,2014,jits
312,15472450.2013.806844,Gitakrishnan Ramadurai,2014,jits
313,15472450.2013.806844,Lelitha Vanajakshi,2014,jits
314,15472450.2013.806745,Ding Liu,2014,jits
315,15472450.2013.806745,William H. K. Lam,2014,jits
316,15472450.2013.806761,Treerapot Siripirote,2014,jits
317,15472450.2013.806761,Agachai Sumalee,2014,jits
318,15472450.2013.806761,David P. Watling,2014,jits
319,15472450.2013.806761,Hu Shao,2014,jits
320,15472450.2013.806736,Wilfredo F. Yushimito,2014,jits
321,15472450.2013.806736,Xuegang (Jeff) Ban,2014,jits
322,15472450.2013.806736,José Holguín-Veras,2014,jits
323,15472450.2013.806843,Bidisha Ghosh,2014,jits
324,15472450.2013.806843,Damien P. Smith,2014,jits
325,15472450.2014.889953,Petr Kalina,2015,jits
326,15472450.2014.889953,Jiří Vokřínek,2015,jits
327,15472450.2014.889953,Vladimír Mařík,2015,jits
328,15472450.2014.889960,Avi Rosenfeld,2015,jits
329,15472450.2014.889960,Zevi Bareket,2015,jits
330,15472450.2014.889960,Claudia V. Goldman,2015,jits
331,15472450.2014.889960,David J. LeBlanc,2015,jits
332,15472450.2014.889960,Omer Tsimhoni,2015,jits
333,15472450.2013.856718,Giuseppe Vizzari,2015,jits
334,15472450.2013.856718,Lorenza Manenti,2015,jits
335,15472450.2013.856718,Kazumichi Ohtsuka,2015,jits
336,15472450.2013.856718,Kenichiro Shimura,2015,jits
337,15472450.2014.889964,Yi Luo,2015,jits
338,15472450.2014.889964,Damla Turgut,2015,jits
339,15472450.2014.889964,Ladislau Bölöni,2015,jits
340,15472450.2013.856721,Gennady Waizman,2015,jits
341,15472450.2013.856721,Shraga Shoval,2015,jits
342,15472450.2013.856721,Itzhak Benenson,2015,jits
343,15472450.2014.941758,Jörg Dallmeyer,2015,jits
344,15472450.2014.941758,René Schumann,2015,jits
345,15472450.2014.941758,Andreas D. Lattner,2015,jits
346,15472450.2014.941758,Ingo J. Timm,2015,jits
347,15472450.2014.941759,Jan Hrnčíř,2015,jits
348,15472450.2014.941759,Michael Rovatsos,2015,jits
349,15472450.2014.941759,Michal Jakob,2015,jits
350,15472450.2013.856714,Jerald Jariyasunant,2015,jits
351,15472450.2013.856714,Maya Abou-Zeid,2015,jits
352,15472450.2013.856714,Andre Carrel,2015,jits
353,15472450.2013.856714,Venkatesan Ekambaram,2015,jits
354,15472450.2013.856714,David Gaker,2015,jits
355,15472450.2013.856714,Raja Sengupta,2015,jits
356,15472450.2013.856714,Joan L. Walker,2015,jits
357,15472450.2015.1012865,Athena Tsirimpa,2015,jits
358,15472450.2013.764796,Jingmin Chen,2015,jits
359,15472450.2013.764796,Michel Bierlaire,2015,jits
360,15472450.2013.856712,Konstantinos Gkiotsalitis,2015,jits
361,15472450.2013.856712,Antony Stathopoulos,2015,jits
362,15472450.2014.936284,Constantinos Antoniou,2015,jits
363,15472450.2014.936284,Amalia Polydoropoulou,2015,jits
364,15472450.2014.977043,Pengfei Li,2015,jits
365,15472450.2014.977043,Montasir Abbas,2015,jits
366,15472450.2014.977043,Raghu Pasupathy,2015,jits
367,15472450.2014.977049,Hongbing Zhang,2015,jits
368,15472450.2014.977049,Mecit Cetin,2015,jits
369,15472450.2014.977049,Asad J. Khattak,2015,jits
370,15472450.2014.977046,Yang Cheng,2015,jits
371,15472450.2014.977046,Miao Zhang,2015,jits
372,15472450.2014.977046,Dongyuan Yang,2015,jits
373,15472450.2013.836930,Jian Zhang,2015,jits
374,15472450.2013.836930,Wenquan Li,2015,jits
375,15472450.2013.836930,Feng Qiu,2015,jits
376,15472450.2013.856724,Voichita Popescu,2015,jits
377,15472450.2013.856724,Sergiu Nedevschi,2015,jits
378,15472450.2013.856724,Radu Danescu,2015,jits
379,15472450.2013.856724,Tiberiu Marita,2015,jits
380,15472450.2013.856727,Bahar Namaki Araghi,2015,jits
381,15472450.2013.856727,Jonas Hammershøj Olesen,2015,jits
382,15472450.2013.856727,Rajesh Krishnan,2015,jits
383,15472450.2013.856727,Lars Tørholm Christensen,2015,jits
384,15472450.2013.856727,Harry Lahrmann,2015,jits
385,15472450.2013.857197,Peng Hao,2015,jits
386,15472450.2013.857197,Xuegang (Jeff) Ban,2015,jits
387,15472450.2013.857197,Jeong Whon Yu,2015,jits
388,15472450.2014.892380,Yarah Basyoni,2015,jits
389,15472450.2014.892380,Hoda Talaat,2015,jits
390,15472450.2014.893736,Jie Fang,2015,jits
391,15472450.2014.893736,Jing Jin,2015,jits
392,15472450.2014.936289,Chun-Hsiung Liao,2015,jits
393,15472450.2014.936289,Chun-Wei Chen,2015,jits
394,15472450.2014.936292,Mohammad S. Ghanim,2015,jits
395,15472450.2014.936292,Ghassan Abu-Lebdeh,2015,jits
396,15472450.2014.936294,Lina Kattan,2015,jits
397,15472450.2014.936294,Bidoura Khondaker,2015,jits
398,15472450.2014.936294,Olesya Derushkina,2015,jits
399,15472450.2014.936294,Eswar Poosarla,2015,jits
400,15472450.2014.941750,Ho Lee,2015,jits
401,15472450.2014.941750,Benjamin Coifman,2015,jits
402,15472450.2014.972762,Wooyeon Yu,2015,jits
403,15472450.2014.972762,Sejoon Park,2015,jits
404,15472450.2014.972762,David S. Kim,2015,jits
405,15472450.2014.972762,Sung-Seok Ko,2015,jits
406,15472450.2014.989718,Jalil Kianfar,2015,jits
407,15472450.2014.989718,Praveen Edara,2015,jits
408,15472450.2014.989718,Carlos Sun,2015,jits
409,15472450.2014.995760,Tomio Miwa,2015,jits
410,15472450.2014.995760,Yosuke Ishiguro,2015,jits
411,15472450.2014.995760,Toshiyuki Yamamoto,2015,jits
412,15472450.2014.995760,Takayuki Morikawa,2015,jits
413,15472450.2014.1000456,Jian Zhang,2015,jits
414,15472450.2014.1000456,Shanglu He,2015,jits
415,15472450.2014.1000456,Wei Wang,2015,jits
416,15472450.2014.1000456,Fengping Zhan,2015,jits
417,15472450.2014.889935,H. M. Abdul Aziz,2016,jits
418,15472450.2014.889935,Satish V. Ukkusuri,2016,jits
419,15472450.2014.889918,Ismail H. Zohdy,2016,jits
420,15472450.2014.889918,Hesham A. Rakha,2016,jits
421,15472450.2014.889916,Raj Kishore Kamalanathsharma,2016,jits
422,15472450.2014.889916,Hesham A. Rakha,2016,jits
423,15472450.2014.889926,Noah J. Goodall,2016,jits
424,15472450.2014.889926,Brian L. Smith,2016,jits
425,15472450.2014.889926,Byungkyu “Brian” Park,2016,jits
426,15472450.2014.889924,Peng Su,2016,jits
427,15472450.2014.889924,Joyoung Lee,2016,jits
428,15472450.2014.889924,Byungkyu “Brian” Park,2016,jits
429,15472450.2014.889941,Scott Smith,2016,jits
430,15472450.2014.889941,Michael Razo,2016,jits
431,15472450.2014.889920,Yunjie Zhao,2016,jits
432,15472450.2014.889920,Aditya Wagh,2016,jits
433,15472450.2014.889920,Yunfei Hou,2016,jits
434,15472450.2014.889920,Kevin Hulme,2016,jits
435,15472450.2014.889920,Chunming Qiao,2016,jits
436,15472450.2014.889920,Adel W. Sadek,2016,jits
437,15472450.2014.889932,Shou-Pon Lin,2016,jits
438,15472450.2014.889932,Nicholas F. Maxemchuk,2016,jits
439,15472450.2014.1000455,Zun Wang,2016,jits
440,15472450.2014.1000455,Anne Goodchild,2016,jits
441,15472450.2014.1000455,Edward McCormack,2016,jits
442,15472450.2014.1001027,Fei Yang,2016,jits
443,15472450.2014.1001027,Zhenxing Yao,2016,jits
444,15472450.2014.1001027,Peter J. Jin,2016,jits
445,15472450.2014.1001027,Da Yang,2016,jits
446,15472450.2015.1004063,Markus Stocker,2016,jits
447,15472450.2015.1004063,Paula Silvonen,2016,jits
448,15472450.2015.1004063,Mauno Rönkkö,2016,jits
449,15472450.2015.1004063,Mikko Kolehmainen,2016,jits
450,15472450.2015.1011638,Oded Cats,2016,jits
451,15472450.2015.1011638,Gerasimos Loutos,2016,jits
452,15472450.2015.1015721,Bin Ran,2016,jits
453,15472450.2015.1015721,Huachun Tan,2016,jits
454,15472450.2015.1015721,Jianshuai Feng,2016,jits
455,15472450.2015.1015721,Wuhong Wang,2016,jits
456,15472450.2015.1015721,Yang Cheng,2016,jits
457,15472450.2015.1015721,Peter Jin,2016,jits
458,15472450.2015.1015847,Tao Zhang,2016,jits
459,15472450.2015.1015847,Dian-ge Yang,2016,jits
460,15472450.2015.1015847,Jiang-tao Li,2016,jits
461,15472450.2015.1015847,Xiao-min Lian,2016,jits
462,15472450.2015.1016023,Vicente Milanés,2016,jits
463,15472450.2015.1016023,Steven E. Shladover,2016,jits
464,15472450.2015.1037955,Eleni I. Vlahogianni,2016,jits
465,15472450.2015.1037955,Konstantinos Kepaptsoglou,2016,jits
466,15472450.2015.1037955,Vassileios Tsetsos,2016,jits
467,15472450.2015.1037955,Matthew G. Karlaftis,2016,jits
468,15472450.2016.1147813,Yanru Zhang,2016,jits
469,15472450.2016.1147813,Yunlong Zhang,2016,jits
470,15472450.2015.1052906,Bahar Namaki Araghi,2016,jits
471,15472450.2015.1052906,Rajesh Krishnan,2016,jits
472,15472450.2015.1052906,Harry Lahrmann,2016,jits
473,15472450.2015.1062728,Arash Olia,2016,jits
474,15472450.2015.1062728,Hossam Abdelgawad,2016,jits
475,15472450.2015.1062728,Baher Abdulhai,2016,jits
476,15472450.2015.1062728,Saiedeh N. Razavi,2016,jits
477,15472450.2015.1062729,Jiaqi Ma,2016,jits
478,15472450.2015.1062729,Brian L. Smith,2016,jits
479,15472450.2015.1062729,Michael D. Fontaine,2016,jits
480,15472450.2015.1063424,Wei Guo,2016,jits
481,15472450.2015.1063424,Yi Zhang,2016,jits
482,15472450.2015.1063424,Man Xu,2016,jits
483,15472450.2015.1063424,Zuo Zhang,2016,jits
484,15472450.2015.1063424,Li Li,2016,jits
485,15472450.2015.1065740,Nabil Nehme,2016,jits
486,15472450.2015.1065740,Mariette Awad,2016,jits
487,15472450.2015.1065740,Isam A. Kaysi,2016,jits
488,15472450.2015.1072050,Yao-Jan Wu,2016,jits
489,15472450.2015.1072050,Feng Chen,2016,jits
490,15472450.2015.1072050,Chang-Tien Lu,2016,jits
491,15472450.2015.1072050,Shu Yang,2016,jits
492,15472450.2015.1074575,Sangkey Kim,2016,jits
493,15472450.2015.1074575,Ali Hajbabaie,2016,jits
494,15472450.2015.1074575,Billy M. Williams,2016,jits
495,15472450.2015.1074575,Nagui M. Rouphail,2016,jits
496,15472450.2016.1164047,Agostino Nuzzolo,2016,jits
497,15472450.2016.1164047,Umberto Crisalli,2016,jits
498,15472450.2016.1164047,Antonio Comi,2016,jits
499,15472450.2016.1164047,Luca Rosati,2016,jits
500,15472450.2016.1149699,Andre Carrel,2016,jits
501,15472450.2016.1149699,Rabi G. Mishalani,2016,jits
502,15472450.2016.1149699,Raja Sengupta,2016,jits
503,15472450.2016.1149699,Joan L. Walker,2016,jits
504,15472450.2016.1191993,Yung-Hsiang Cheng,2016,jits
505,15472450.2016.1191993,Sz-Fan Chen,2016,jits
506,15472450.2015.1082428,Hyoshin Park,2016,jits
507,15472450.2015.1082428,Ali Haghani,2016,jits
508,15472450.2015.1082428,Xin Zhang,2016,jits
509,15472450.2015.1082910,Jinhui Lan,2016,jits
510,15472450.2015.1082910,Dongyang Yu,2016,jits
511,15472450.2015.1082910,Bin Ran,2016,jits
512,15472450.2015.1082910,Yaoliang Jiang,2016,jits
513,15472450.2015.1082910,Zhaohui Zhang,2016,jits
514,15472450.2015.1091735,Chao Wang,2016,jits
515,15472450.2015.1091735,Zhirui Ye,2016,jits
516,15472450.2016.1149700,Wenxin Qiao,2016,jits
517,15472450.2016.1149700,Ali Haghani,2016,jits
518,15472450.2016.1149700,Chun-Fu Shao,2016,jits
519,15472450.2016.1149700,Jun Liu,2016,jits
520,15472450.2016.1151791,Fei Yang,2016,jits
521,15472450.2016.1151791,Zhenxing Yao,2016,jits
522,15472450.2016.1151791,Yang Cheng,2016,jits
523,15472450.2016.1151791,Bin Ran,2016,jits
524,15472450.2016.1151791,Da Yang,2016,jits
525,15472450.2016.1151792,Paul Johnson,2016,jits
526,15472450.2016.1151792,Duc Nguyen,2016,jits
527,15472450.2016.1151792,ManWo Ng,2016,jits
528,15472450.2016.1153426,Meng Li,2016,jits
529,15472450.2016.1153426,Xiqun (Michael) Chen,2016,jits
530,15472450.2016.1153426,Wei Ni,2016,jits
531,15472450.2015.1120674,Orcan Alpar,2016,jits
532,15472450.2015.1120674,Radoslav Stojic,2016,jits
533,15472450.2016.1152549,Jiaqi Ma,2016,jits
534,15472450.2016.1152549,Fang Zhou,2016,jits
535,15472450.2016.1152549,Changju Lee,2016,jits
536,15472450.2016.1152891,Guoyan Cao,2016,jits
537,15472450.2016.1152891,John Michelini,2016,jits
538,15472450.2016.1152891,Karolos Grigoriadis,2016,jits
539,15472450.2016.1152891,Behrouz Ebrahimi,2016,jits
540,15472450.2016.1152891,Matthew A. Franchek,2016,jits
541,15472450.2016.1154764,Irum Sanaullah,2016,jits
542,15472450.2016.1154764,Mohammed Quddus,2016,jits
543,15472450.2016.1154764,Marcus Enoch,2016,jits
544,15472450.2016.1157020,Zhengbing He,2016,jits
545,15472450.2016.1157020,Liang Zheng,2016,jits
546,15472450.2016.1157020,Wei Guan,2016,jits
547,15472450.2016.1157020,Baohua Mao,2016,jits
548,15472450.2016.1166058,Mahdi Hashemi,2016,jits
549,15472450.2016.1166058,Hassan A. Karimi,2016,jits
550,15472450.2016.1171151,Xianbiao Hu,2017,jits
551,15472450.2016.1171151,Yi-Chang Chiu,2017,jits
552,15472450.2016.1171151,Jeff Shelton,2017,jits
553,15472450.2016.1194206,Ning Zhu,2017,jits
554,15472450.2016.1194206,Shoufeng Ma,2017,jits
555,15472450.2016.1194206,Liang Zheng,2017,jits
556,15472450.2016.1196141,Alhadi Ali Albousefi,2017,jits
557,15472450.2016.1196141,Hao Ying,2017,jits
558,15472450.2016.1196141,Dimitar Filev,2017,jits
559,15472450.2016.1196141,Fazal Syed,2017,jits
560,15472450.2016.1196141,Kwaku O. Prakah-Asante,2017,jits
561,15472450.2016.1196141,Finn Tseng,2017,jits
562,15472450.2016.1196141,Hsin-Hsiang Yang,2017,jits
563,15472450.2016.1198700,Maryam Moshiri,2017,jits
564,15472450.2016.1198700,Jeannette Montufar,2017,jits
565,15472450.2016.1208568,Elvira Thonhofer,2017,jits
566,15472450.2016.1208568,Elisabeth Luchini,2017,jits
567,15472450.2016.1208568,Stefan Jakubek,2017,jits
568,15472450.2016.1163639,Mingxin Li,2017,jits
569,15472450.2016.1163639,Xuesong Zhou,2017,jits
570,15472450.2016.1163639,Nagui M. Rouphail,2017,jits
571,15472450.2016.1216319,Peng Chen,2017,jits
572,15472450.2016.1216319,Jian Sun,2017,jits
573,15472450.2016.1216319,Hongsheng Qi,2017,jits
574,15472450.2016.1220306,Indrajit Chatterjee,2017,jits
575,15472450.2016.1220306,Chen-Fu Liao,2017,jits
576,15472450.2016.1220306,Gary A. Davis,2017,jits
577,15472450.2016.1247704,Libo Cao,2017,jits
578,15472450.2016.1247704,Zheng Chen,2017,jits
579,15472450.2016.1247704,Lingbo Yan,2017,jits
580,15472450.2016.1247704,Qin Qin,2017,jits
581,15472450.2016.1247704,Ruifeng Zhang,2017,jits
582,15472450.2016.1248288,Yuanchang Xie,2017,jits
583,15472450.2016.1248288,Huixing Zhang,2017,jits
584,15472450.2016.1248288,Nathan H. Gartner,2017,jits
585,15472450.2016.1248288,Tugba Arsava,2017,jits
586,15472450.2016.1254045,Yiqi Zhang,2017,jits
587,15472450.2016.1254045,Changxu Wu,2017,jits
588,15472450.2016.1254045,Jingyan Wan,2017,jits
589,15472450.2016.1254046,Zhongyu Wang,2017,jits
590,15472450.2016.1254046,Qing Cai,2017,jits
591,15472450.2016.1254046,Bing Wu,2017,jits
592,15472450.2016.1254046,Lingyu Zheng,2017,jits
593,15472450.2016.1254046,Yinhai Wang,2017,jits
594,15472450.2016.1273779,Seoungbum Kim,2017,jits
595,15472450.2016.1273779,Benjamin Coifman,2017,jits
596,15472450.2017.1279543,Md Shahadat Iqbal,2017,jits
597,15472450.2017.1279543,Mohammed Hadi,2017,jits
598,15472450.2017.1279543,Yan Xiao,2017,jits
599,15472450.2017.1283224,Deepak Shrestha,2017,jits
600,15472450.2017.1283224,David J. Lovell,2017,jits
601,15472450.2017.1283224,Yorghos Tripodis,2017,jits
602,15472450.2017.1283989,Fangce Guo,2017,jits
603,15472450.2017.1283989,Rajesh Krishnan,2017,jits
604,15472450.2017.1283989,John Polak,2017,jits
605,15472450.2017.1286987,Haitham Al-Deek,2017,jits
606,15472450.2017.1286987,Adrian Sandt,2017,jits
607,15472450.2017.1286987,Ahmad Alomari,2017,jits
608,15472450.2017.1286987,Omar Hussain,2017,jits
609,15472450.2017.1291350,Tomio Miwa,2017,jits
610,15472450.2017.1291350,Michael G. H. Bell,2017,jits
611,15472450.2016.1254047,Liang Zheng,2017,jits
612,15472450.2016.1254047,Bin Ran,2017,jits
613,15472450.2016.1254047,Helai Huang,2017,jits
614,15472450.2017.1315805,Peng Cao,2017,jits
615,15472450.2017.1315805,Yubai Hu,2017,jits
616,15472450.2017.1315805,Tomio Miwa,2017,jits
617,15472450.2017.1315805,Yukiko Wakita,2017,jits
618,15472450.2017.1315805,Takayuki Morikawa,2017,jits
619,15472450.2017.1315805,Xiaobo Liu,2017,jits
620,15472450.2016.1247703,Jose E. Naranjo,2017,jits
621,15472450.2016.1247703,Felipe Jiménez,2017,jits
622,15472450.2016.1247703,José J. Anaya,2017,jits
623,15472450.2016.1247703,Edgar Talavera,2017,jits
624,15472450.2016.1247703,Oscar Gómez,2017,jits
625,15472450.2017.1332524,Arash Olia,2017,jits
626,15472450.2017.1332524,Hossam Abdelgawad,2017,jits
627,15472450.2017.1332524,Baher Abdulhai,2017,jits
628,15472450.2017.1332524,Saiedeh N. Razavi,2017,jits
629,15472450.2017.1334559,Yong Hoon Kim,2017,jits
630,15472450.2017.1334559,Srinivas Peeta,2017,jits
631,15472450.2016.1194760,Celeste Chavis,2017,jits
632,15472450.2016.1194760,Eleni Christofa,2017,jits
633,15472450.2016.1198699,Justin Schorr,2017,jits
634,15472450.2016.1198699,Samer H. Hamdar,2017,jits
635,15472450.2016.1198699,Claire Silverstein,2017,jits
636,15472450.2016.1265890,Natalia Selini Hadjidimitriou,2017,jits
637,15472450.2016.1265890,Marco Mamei,2017,jits
638,15472450.2016.1265890,Mauro Dell'Amico,2017,jits
639,15472450.2016.1265890,Ioannis Kaparias,2017,jits
640,15472450.2017.1298037,Santos Sánchez-Cambronero,2017,jits
641,15472450.2017.1298037,Pilar Jiménez,2017,jits
642,15472450.2017.1298037,Ana Rivas,2017,jits
643,15472450.2017.1298037,Inmaculada Gallego,2017,jits
644,15472450.2017.1305271,Zhijun Chen,2017,jits
645,15472450.2017.1305271,Chaozhong Wu,2017,jits
646,15472450.2017.1305271,Zhen Huang,2017,jits
647,15472450.2017.1305271,Nengchao Lyu,2017,jits
648,15472450.2017.1305271,Zhaozheng Hu,2017,jits
649,15472450.2017.1305271,Ming Zhong,2017,jits
650,15472450.2017.1305271,Yang Cheng,2017,jits
651,15472450.2017.1305271,Bin Ran,2017,jits
652,15472450.2017.1369060,Anthony D. McDonald,2017,jits
653,15472450.2017.1369060,John D. Lee,2017,jits
654,15472450.2017.1369060,Nazan S. Aksan,2017,jits
655,15472450.2017.1369060,Jeffrey D. Dawson,2017,jits
656,15472450.2017.1369060,Jon Tippin,2017,jits
657,15472450.2017.1369060,Matthew Rizzo,2017,jits
658,15472450.2017.1326116,Xiangfeng Ji,2017,jits
659,15472450.2017.1326116,Xuegang (Jeff) Ban,2017,jits
660,15472450.2017.1326116,Jian Zhang,2017,jits
661,15472450.2017.1326116,Bin Ran,2017,jits
662,15472450.2017.1326115,Raphaël Delhome,2017,jits
663,15472450.2017.1326115,Romain Billot,2017,jits
664,15472450.2017.1326115,Nour-Eddin El Faouzi,2017,jits
665,15472450.2017.1359093,Elham Sharifi,2017,jits
666,15472450.2017.1359093,Stanley Ernest Young,2017,jits
667,15472450.2017.1359093,Sepideh Eshragh,2017,jits
668,15472450.2017.1359093,Masoud Hamedi,2017,jits
669,15472450.2017.1359093,Reuben M. Juster,2017,jits
670,15472450.2017.1359093,Kartik Kaushik,2017,jits
671,15472450.2017.1327815,Neila Bhouri,2017,jits
672,15472450.2017.1327815,Maurice Aron,2017,jits
673,15472450.2017.1327815,Jean Patrick Lebacque,2017,jits
674,15472450.2017.1327815,Habib Haj-Salem,2017,jits
675,15472450.2017.1358624,Ravi Seshadri,2017,jits
676,15472450.2017.1358624,Karthik K. Srinivasan,2017,jits
677,15472450.2017.1326114,Fahimeh Khoshniyat,2017,jits
678,15472450.2017.1326114,Anders Peterson,2017,jits
679,15472450.2017.1358623,Zhanbo Sun,2018,jits
680,15472450.2017.1358623,Xuegang (Jeff) Ban,2018,jits
681,15472450.2017.1300887,Semuel Y. R. Rompis,2018,jits
682,15472450.2017.1300887,Mecit Cetin,2018,jits
683,15472450.2017.1300887,Filmon Habtemichael,2018,jits
684,15472450.2017.1309530,Marta Flamini,2018,jits
685,15472450.2017.1309530,Marialisa Nigro,2018,jits
686,15472450.2017.1309530,Dario Pacciarelli,2018,jits
687,15472450.2017.1387546,H. M. Abdul Aziz,2018,jits
688,15472450.2017.1387546,Feng Zhu,2018,jits
689,15472450.2017.1387546,Satish V. Ukkusuri,2018,jits
690,15472450.2017.1389650,Ying Liu,2018,jits
691,15472450.2017.1389650,Guoyu Ou,2018,jits
692,15472450.2017.1371598,Zhibin Li,2018,jits
693,15472450.2017.1371598,Pan Liu,2018,jits
694,15472450.2017.1371598,Chengcheng Xu,2018,jits
695,15472450.2017.1371598,Wei Wang,2018,jits
696,15472450.2017.1407652,Xu Zhang,2018,jits
697,15472450.2017.1407652,Mei Chen,2018,jits
698,15472450.2017.1408013,Anish Kumar Bharti,2018,jits
699,15472450.2017.1408013,Ch. Ravi Sekhar,2018,jits
700,15472450.2017.1408013,Satish Chandra,2018,jits
701,15472450.2017.1412829,Fangfang Zheng,2018,jits
702,15472450.2017.1412829,Jie Li,2018,jits
703,15472450.2017.1412829,Henk van Zuylen,2018,jits
704,15472450.2017.1412829,Xiaobo Liu,2018,jits
705,15472450.2017.1412829,Hongtai Yang,2018,jits
706,15472450.2017.1413555,Mohammad Torkjazi,2018,jits
707,15472450.2017.1413555,Parisa Sadat Mirjafari,2018,jits
708,15472450.2017.1413555,Hossain Poorzahedy,2018,jits
709,15472450.2017.1407930,Zhiyuan Du,2018,jits
710,15472450.2017.1407930,Baisravan HomChaudhuri,2018,jits
711,15472450.2017.1407930,Pierluigi Pisu,2018,jits
712,15472450.2017.1421462,Marialisa Nigro,2018,jits
713,15472450.2017.1421462,Ernesto Cipriani,2018,jits
714,15472450.2017.1421462,Andrea del Giudice,2018,jits
715,15472450.2017.1336053,Steven E. Shladover,2018,jits
716,15472450.2017.1334558,Volkan Sezer,2018,jits
717,15472450.2017.1413368,Taehyoung Kim,2018,jits
718,15472450.2017.1413368,Antoine G. Hobeika,2018,jits
719,15472450.2017.1413368,Heejin Jung,2018,jits
720,15472450.2016.1215921,Meng Li,2018,jits
721,15472450.2016.1215921,Xiqun (Michael) Chen,2018,jits
722,15472450.2016.1215921,Xi Lin,2018,jits
723,15472450.2016.1215921,Dingyuan Xu,2018,jits
724,15472450.2016.1215921,Yinhai Wang,2018,jits
725,15472450.2017.1404680,Arash Olia,2018,jits
726,15472450.2017.1404680,Saiedeh Razavi,2018,jits
727,15472450.2017.1404680,Baher Abdulhai,2018,jits
728,15472450.2017.1404680,Hossam Abdelgawad,2018,jits
729,15472450.2018.1438275,Hao Liu,2018,jits
730,15472450.2018.1438275,Xingan (David) Kan,2018,jits
731,15472450.2018.1438275,Steven E. Shladover,2018,jits
732,15472450.2018.1438275,Xiao-Yun Lu,2018,jits
733,15472450.2018.1438275,Robert E. Ferlis,2018,jits
734,15472450.2017.1299011,Chengchuan An,2018,jits
735,15472450.2017.1299011,Yao-Jan Wu,2018,jits
736,15472450.2017.1299011,Jingxin Xia,2018,jits
737,15472450.2017.1299011,Wei Huang,2018,jits
738,15472450.2017.1309529,Zhi Chen,2018,jits
739,15472450.2017.1309529,Xiao Qin,2018,jits
740,15472450.2017.1309529,Md. Razaur Rahman Shaon,2018,jits
741,15472450.2017.1313704,Wei Wu,2018,jits
742,15472450.2017.1313704,Larry Head,2018,jits
743,15472450.2017.1313704,Sanghuiyu Yan,2018,jits
744,15472450.2017.1313704,Wanjing Ma,2018,jits
745,15472450.2017.1350921,Cong Chen,2018,jits
746,15472450.2017.1350921,Yanyan Chen,2018,jits
747,15472450.2017.1350921,Jianming Ma,2018,jits
748,15472450.2017.1350921,Guohui Zhang,2018,jits
749,15472450.2017.1350921,C. Michael Walton,2018,jits
750,15472450.2017.1365606,Qichi Yang,2018,jits
751,15472450.2017.1365606,Guoyuan Wu,2018,jits
752,15472450.2017.1365606,Kanok Boriboonsomsin,2018,jits
753,15472450.2017.1365606,Matthew Barth,2018,jits
754,15472450.2017.1396898,Shangjia Dong,2018,jits
755,15472450.2017.1396898,Alireza Mostafizi,2018,jits
756,15472450.2017.1396898,Haizhong Wang,2018,jits
757,15472450.2017.1396898,Jia Li,2018,jits
758,15472450.2018.1457444,Nadia Bathaee,2018,jits
759,15472450.2018.1457444,Alireza Mohseni,2018,jits
760,15472450.2018.1457444,SeJoon Park,2018,jits
761,15472450.2018.1457444,J. David Porter,2018,jits
762,15472450.2018.1457444,David S. Kim,2018,jits
763,15472450.2017.1334205,David K. Hale,2018,jits
764,15472450.2017.1334205,Constantinos Antoniou,2018,jits
765,15472450.2017.1334205,Byungkyu Brian Park,2018,jits
766,15472450.2017.1334205,Jiaqi Ma,2018,jits
767,15472450.2017.1334205,Lei Zhang,2018,jits
768,15472450.2017.1334205,Alexander Paz,2018,jits
769,15472450.2017.1366320,Wai Yeung Yan,2018,jits
770,15472450.2017.1366320,X.-X. Yuan,2018,jits
771,15472450.2017.1378102,B. Anil Kumar,2018,jits
772,15472450.2017.1378102,Lelitha Vanajakshi,2018,jits
773,15472450.2017.1378102,Shankar C. Subramanian,2018,jits
774,15472450.2017.1384698,Shu Yang,2018,jits
775,15472450.2017.1384698,Yao-Jan Wu,2018,jits
776,15472450.2017.1394191,Yao Cheng,2018,jits
777,15472450.2017.1394191,Xianfeng Yang,2018,jits
778,15472450.2017.1394192,Hyunjeong Jeon,2018,jits
779,15472450.2017.1394192,Jincheol Lee,2018,jits
780,15472450.2017.1394192,Keemin Sohn,2018,jits
781,15472450.2017.1413981,Tarikul Islam,2018,jits
782,15472450.2017.1413981,Hai L. Vu,2018,jits
783,15472450.2017.1413981,Manoj Panda,2018,jits
784,15472450.2017.1413981,Dong Ngoduy,2018,jits
785,15472450.2017.1421075,Shu Yang,2018,jits
786,15472450.2017.1421075,Payton Cooke,2018,jits
787,15472450.2018.1436968,Rahul Deb Das,2018,jits
788,15472450.2018.1436968,Stephan Winter,2018,jits
789,15472450.2018.1438274,Yanning Li,2018,jits
790,15472450.2018.1438274,Juan C. Martínez Mori,2018,jits
791,15472450.2018.1438274,Daniel B. Work,2018,jits
792,15472450.2018.1439389,Julie Fetzer,2018,jits
793,15472450.2018.1439389,Hernan Caceres,2018,jits
794,15472450.2018.1439389,Qing He,2018,jits
795,15472450.2018.1439389,Rajan Batta,2018,jits
796,15472450.2018.1441027,Gulsevi Basar,2018,jits
797,15472450.2018.1441027,Mecit Cetin,2018,jits
798,15472450.2018.1441027,Andrew P. Nichols,2018,jits
799,15472450.2018.1444484,Xiaoyue Cathy Liu,2018,jits
800,15472450.2018.1444484,Jeffrey Taylor,2018,jits
801,15472450.2018.1444484,Richard J. Porter,2018,jits
802,15472450.2018.1444484,Ran Wei,2018,jits
803,15472450.2018.1444485,Elvira Thonhofer,2018,jits
804,15472450.2018.1444485,Stefan Jakubek,2018,jits
805,15472450.2018.1473156,Zhenhua Zhang,2019,jits
806,15472450.2018.1473156,Qing He,2019,jits
807,15472450.2018.1473156,Jizhan Gou,2019,jits
808,15472450.2018.1473156,Xiaoling Li,2019,jits
809,15472450.2018.1476146,Kamonthep Tiaprasert,2019,jits
810,15472450.2018.1476146,Yunlong Zhang,2019,jits
811,15472450.2018.1476146,Xin Ye,2019,jits
812,15472450.2018.1484738,Peng Chen,2019,jits
813,15472450.2018.1484738,Weiliang Zeng,2019,jits
814,15472450.2018.1484738,Min Chen,2019,jits
815,15472450.2018.1484738,Guizhen Yu,2019,jits
816,15472450.2018.1484738,Yunpeng Wang,2019,jits
817,15472450.2018.1493929,Seyed Omid Mousavizadeh Kashi,2019,jits
818,15472450.2018.1493929,Meisam Akbarzadeh,2019,jits
819,15472450.2018.1506338,Hamid Reza Eftekhari,2019,jits
820,15472450.2018.1506338,Mehdi Ghatee,2019,jits
821,15472450.2018.1527693,Biao Yu,2019,jits
822,15472450.2018.1527693,Lin Dong,2019,jits
823,15472450.2018.1527693,Deyi Xue,2019,jits
824,15472450.2018.1527693,Hui Zhu,2019,jits
825,15472450.2018.1527693,Xinli Geng,2019,jits
826,15472450.2018.1527693,Ruling Huang,2019,jits
827,15472450.2018.1527693,Jie Wang,2019,jits
828,15472450.2018.1502667,Vesal Ahsani,2019,jits
829,15472450.2018.1502667,Mostafa Amin-Naseri,2019,jits
830,15472450.2018.1502667,Skylar Knickerbocker,2019,jits
831,15472450.2018.1502667,Anuj Sharma,2019,jits
832,15472450.2018.1486192,Xiqun (Michael) Chen,2019,jits
833,15472450.2018.1486192,Lingxiao Zhou,2019,jits
834,15472450.2018.1486192,Li Li,2019,jits
835,15472450.2018.1488133,Xianbiao Hu,2019,jits
836,15472450.2018.1488133,Yifei Yuan,2019,jits
837,15472450.2018.1488133,Xiaoyu Zhu,2019,jits
838,15472450.2018.1488133,Hong Yang,2019,jits
839,15472450.2018.1488133,Kun Xie,2019,jits
840,15472450.2018.1525534,Geqi Qi,2019,jits
841,15472450.2018.1525534,Wei Guan,2019,jits
842,15472450.2018.1525534,Xucheng Li,2019,jits
843,15472450.2018.1525534,Nick Hounsell,2019,jits
844,15472450.2018.1525534,Neville A. Stanton,2019,jits
845,15472450.2018.1536978,Li Kuang,2019,jits
846,15472450.2018.1536978,Han Yan,2019,jits
847,15472450.2018.1536978,Yujia Zhu,2019,jits
848,15472450.2018.1536978,Shenmei Tu,2019,jits
849,15472450.2018.1536978,Xiaoliang Fan,2019,jits
850,15472450.2018.1470932,Zhuang Dai,2019,jits
851,15472450.2018.1470932,Xiaolei Ma,2019,jits
852,15472450.2018.1470932,Xi Chen,2019,jits
853,15472450.2018.1528447,Zhiqiang Zhai,2019,jits
854,15472450.2018.1528447,Guohua Song,2019,jits
855,15472450.2018.1528447,Ying Liu,2019,jits
856,15472450.2018.1528447,Ying Cheng,2019,jits
857,15472450.2018.1528447,Weinan He,2019,jits
858,15472450.2018.1528447,Lei Yu,2019,jits
859,15472450.2018.1484739,Mohammad Tamannaei,2019,jits
860,15472450.2018.1484739,Iman Irandoost,2019,jits
861,15472450.2018.1488131,Carl H. Häll,2019,jits
862,15472450.2018.1488131,Avishai (Avi) Ceder,2019,jits
863,15472450.2018.1488131,Joakim Ekström,2019,jits
864,15472450.2018.1488131,Nils-Hassan Quttineh,2019,jits
865,15472450.2018.1488132,Zhichao Cao,2019,jits
866,15472450.2018.1488132,Avishai (Avi) Ceder,2019,jits
867,15472450.2018.1488132,Dewei Li,2019,jits
868,15472450.2018.1488132,Silin Zhang,2019,jits
869,15472450.2018.1525533,Khanh T. P. Nguyen,2019,jits
870,15472450.2018.1525533,Julie Beugin,2019,jits
871,15472450.2018.1525533,Marion Berbineau,2019,jits
872,15472450.2018.1525533,Juliette Marais,2019,jits
873,15472450.2018.1542303,Haengju Lee,2019,jits
874,15472450.2018.1542303,Saerona Choi,2019,jits
875,15472450.2018.1542303,Hojin Jung,2019,jits
876,15472450.2018.1542303,Byungkyu Brian Park,2019,jits
877,15472450.2018.1542303,Sang H. Son,2019,jits
878,15472450.2018.1563865,Yan Li,2019,jits
879,15472450.2018.1563865,Kourosh Khoshelham,2019,jits
880,15472450.2018.1563865,Majid Sarvi,2019,jits
881,15472450.2018.1563865,Milad Haghani,2019,jits
882,15472450.2018.1462176,Meiyu Liu,2019,jits
883,15472450.2018.1462176,Jing Shi,2019,jits
884,15472450.2018.1494596,Jacqueline Arriagada,2019,jits
885,15472450.2018.1494596,Antonio Gschwender,2019,jits
886,15472450.2018.1494596,Marcela A. Munizaga,2019,jits
887,15472450.2018.1494596,Martin Trépanier,2019,jits
888,15472450.2018.1496428,Warren S. Vaz,2019,jits
889,15472450.2018.1501273,Mingtao Xu,2019,jits
890,15472450.2018.1501273,Kun An,2019,jits
891,15472450.2018.1501273,Le Hai Vu,2019,jits
892,15472450.2018.1501273,Zhirui Ye,2019,jits
893,15472450.2018.1501273,Jiaxiao Feng,2019,jits
894,15472450.2018.1501273,Enhui Chen,2019,jits
895,15472450.2018.1504294,Xiang Li,2019,jits
896,15472450.2018.1504294,Jian-Qiao Sun,2019,jits
897,15472450.2018.1506339,Majid Hadavi,2019,jits
898,15472450.2018.1506339,Yousef Shafahi,2019,jits
899,15472450.2018.1518137,Juanyu Tang,2019,jits
900,15472450.2018.1518137,Yi Zhu,2019,jits
901,15472450.2018.1518137,Yizhe Huang,2019,jits
902,15472450.2018.1518137,Zhong-Ren Peng,2019,jits
903,15472450.2018.1518137,Zhanyong Wang,2019,jits
904,15472450.2018.1473157,Eleni G. Mantouka,2019,jits
905,15472450.2018.1473157,Emmanouil N. Barmpounakis,2019,jits
906,15472450.2018.1473157,Christina P. Milioti,2019,jits
907,15472450.2018.1473157,Eleni I. Vlahogianni,2019,jits
908,15472450.2018.1536859,John Khoury,2019,jits
909,15472450.2018.1536859,Joud Khoury,2019,jits
910,15472450.2018.1536859,Germain Zouein,2019,jits
911,15472450.2018.1536859,Jean-Paul Arnaout,2019,jits
912,15472450.2018.1557524,Wanli Dong,2019,jits
913,15472450.2018.1557524,Yunpeng Wang,2019,jits
914,15472450.2018.1557524,Haiyang Yu,2019,jits
915,15472450.2018.1560280,David J. Lovell,2019,jits
916,15472450.2018.1562348,Luthful Alahi Kawsar,2019,jits
917,15472450.2018.1562348,Noraida Abdul Ghani,2019,jits
918,15472450.2018.1562348,Anton Abdulbasah Kamil,2019,jits
919,15472450.2018.1562348,Adli Mustafa,2019,jits
920,15472450.2018.1563864,Williams Ackaah,2019,jits
921,15472450.2018.1563864,Klaus Bogenberger,2019,jits
922,15472450.2018.1563864,Robert L. Bertini,2019,jits
923,15472450.2019.1578565,Biao Xu,2019,jits
924,15472450.2019.1578565,Xiaolong Chen,2019,jits
925,15472450.2019.1578565,Keqiang Li,2019,jits
926,15472450.2019.1578565,Manjiang Hu,2019,jits
927,15472450.2019.1578565,Yougang Bian,2019,jits
928,15472450.2019.1578565,Qianwen Yu,2019,jits
929,15472450.2019.1578565,Jianqiang Wang,2019,jits
930,15472450.2018.1476147,Han Yang,2019,jits
931,15472450.2018.1476147,Peter J. Jin,2019,jits
932,15472450.2018.1476147,Bin Ran,2019,jits
933,15472450.2018.1476147,Dongyuan Yang,2019,jits
934,15472450.2018.1476147,Zhengyu Duan,2019,jits
935,15472450.2018.1476147,Linghui He,2019,jits
936,15472450.2018.1488218,Huajun Chai,2019,jits
937,15472450.2018.1488218,Rui Ma,2019,jits
938,15472450.2018.1488218,H. Michael Zhang,2019,jits
939,15472450.2018.1562349,Bai Li,2019,jits
940,15472450.2018.1562349,Ning Jia,2019,jits
941,15472450.2018.1562349,Pu Li,2019,jits
942,15472450.2018.1562349,Xudong Ran,2019,jits
943,15472450.2018.1562349,Yan Li,2019,jits
944,15472450.2019.1573366,Wensi Wang,2019,jits
945,15472450.2019.1573366,Zhihui Tian,2019,jits
946,15472450.2019.1573366,Kewang Li,2019,jits
947,15472450.2019.1573366,Bin Yu,2019,jits
948,15472450.2019.1586543,Xiangfu Kong,2019,jits
949,15472450.2019.1586543,Jiawen Yang,2019,jits
950,15472450.2018.1527694,Ming Xu,2020,jits
951,15472450.2018.1527694,Jianping Wu,2020,jits
952,15472450.2018.1527694,Ling Huang,2020,jits
953,15472450.2018.1527694,Rui Zhou,2020,jits
954,15472450.2018.1527694,Tian Wang,2020,jits
955,15472450.2018.1527694,Dongmei Hu,2020,jits
956,15472450.2019.1699076,Jun Liu,2020,jits
957,15472450.2019.1699076,Asad Khattak,2020,jits
958,15472450.2019.1615487,Huiying Zhao,2020,jits
959,15472450.2019.1615487,Dalin Qian,2020,jits
960,15472450.2019.1615487,Ying Lv,2020,jits
961,15472450.2019.1615487,Bo Zhang,2020,jits
962,15472450.2019.1615487,Rongyu Liang,2020,jits
963,15472450.2019.1677160,Adrian Sandt,2020,jits
964,15472450.2019.1677160,Haitham Al-Deek,2020,jits
965,15472450.2019.1579091,Yanni Yang,2020,jits
966,15472450.2019.1579091,Meng Li,2020,jits
967,15472450.2019.1579091,Jiaying Yu,2020,jits
968,15472450.2019.1579091,Fang He,2020,jits
969,15472450.2019.1579092,Zhenyu Mei,2020,jits
970,15472450.2019.1579092,Wei Zhang,2020,jits
971,15472450.2019.1579092,Lihui Zhang,2020,jits
972,15472450.2019.1579092,Dianhai Wang,2020,jits
973,15472450.2019.1579093,Pangwei Wang,2020,jits
974,15472450.2019.1579093,Yilun Jiang,2020,jits
975,15472450.2019.1579093,Lin Xiao,2020,jits
976,15472450.2019.1579093,Yi Zhao,2020,jits
977,15472450.2019.1579093,Yinghong Li,2020,jits
978,15472450.2018.1542305,Altan Onat,2020,jits
979,15472450.2018.1542305,Petr Voltr,2020,jits
980,15472450.2018.1542304,Che-Ming Chen,2020,jits
981,15472450.2018.1542304,Chia-Ching Liang,2020,jits
982,15472450.2018.1542304,Chih-Peng Chu,2020,jits
983,15472450.2019.1582950,Xingbin Zhan,2020,jits
984,15472450.2019.1582950,Shuaichao Zhang,2020,jits
985,15472450.2019.1582950,Wai Yuen Szeto,2020,jits
986,15472450.2019.1582950,Xiqun (Michael) Chen,2020,jits
987,15472450.2019.1598863,Chengcheng Wang,2020,jits
988,15472450.2019.1598863,Zhongzhi Xu,2020,jits
989,15472450.2019.1598863,Ronghua Du,2020,jits
990,15472450.2019.1598863,Haifeng Li,2020,jits
991,15472450.2019.1598863,Pu Wang,2020,jits
992,15472450.2019.1614445,Zulqarnain H. Khattak,2020,jits
993,15472450.2019.1614445,Mark J. Magalotti,2020,jits
994,15472450.2019.1614445,Michael D. Fontaine,2020,jits
995,15472450.2019.1625042,Majid Bayat,2020,jits
996,15472450.2019.1625042,Mostafa Barmshoory,2020,jits
997,15472450.2019.1625042,S. Morteza Pournaghi,2020,jits
998,15472450.2019.1625042,Majid Rahimi,2020,jits
999,15472450.2019.1625042,Yaghoub Farjami,2020,jits
1000,15472450.2019.1625042,Mohammad Reza Aref,2020,jits
1001,15472450.2019.1643723,Zhihong Yao,2020,jits
1002,15472450.2019.1643723,Yangsheng Jiang,2020,jits
1003,15472450.2019.1643723,Bin Zhao,2020,jits
1004,15472450.2019.1643723,Xiaoling Luo,2020,jits
1005,15472450.2019.1643723,Bo Peng,2020,jits
1006,15472450.2019.1659793,Sarah Hernandez,2020,jits
1007,15472450.2019.1659793,Kyung (Kate) Hyun,2020,jits
1008,15472450.2019.1612247,Zhou Bin,2020,jits
1009,15472450.2019.1612247,Yuhao Yao,2020,jits
1010,15472450.2019.1612247,Xiao Liu,2020,jits
1011,15472450.2019.1612247,Rongbo Zhu,2020,jits
1012,15472450.2019.1612247,Arun Kumar Sangaiah,2020,jits
1013,15472450.2019.1612247,Maode Ma,2020,jits
1014,15472450.2019.1652826,Zhongjiang Yan,2020,jits
1015,15472450.2019.1652826,Bo Li,2020,jits
1016,15472450.2019.1652826,Qianqian Li,2020,jits
1017,15472450.2019.1652826,Mao Yang,2020,jits
1018,15472450.2019.1643725,Qilei Li,2020,jits
1019,15472450.2019.1643725,Wei Wu,2020,jits
1020,15472450.2019.1643725,Lu Lu,2020,jits
1021,15472450.2019.1643725,Zuoyong Li,2020,jits
1022,15472450.2019.1643725,Awais Ahmad,2020,jits
1023,15472450.2019.1643725,Gwanggil Jeon,2020,jits
1024,15472450.2020.1721289,Mohammad A. Hoque,2020,jits
1025,15472450.2020.1721289,Jackeline Rios-Torres,2020,jits
1026,15472450.2020.1721289,Ramin Arvin,2020,jits
1027,15472450.2020.1721289,Asad Khattak,2020,jits
1028,15472450.2020.1721289,Salman Ahmed,2020,jits
1029,15472450.2020.1742121,Hua Cui,2020,jits
1030,15472450.2020.1742121,Gege Yuan,2020,jits
1031,15472450.2020.1742121,Ni Liu,2020,jits
1032,15472450.2020.1742121,Mingyuan Xu,2020,jits
1033,15472450.2020.1742121,Huansheng Song,2020,jits
1034,15472450.2019.1642753,Jingyue Chen,2020,jits
1035,15472450.2019.1642753,Xiaomin Yang,2020,jits
1036,15472450.2019.1642753,Lu Lu,2020,jits
1037,15472450.2019.1642753,Qilei Li,2020,jits
1038,15472450.2019.1642753,Zuoyong Li,2020,jits
1039,15472450.2019.1642753,Wei Wu,2020,jits
1040,15472450.2019.1670659,Dandan Ding,2020,jits
1041,15472450.2019.1670659,Junchao Tong,2020,jits
1042,15472450.2019.1670659,Lingyi Kong,2020,jits
1043,15472450.2019.1638782,Md Imrul Kayes,2020,jits
1044,15472450.2019.1638782,Haitham Al-Deek,2020,jits
1045,15472450.2019.1638782,Adrian Sandt,2020,jits
1046,15472450.2019.1638780,Giuseppe C. Calafiore,2020,jits
1047,15472450.2019.1638780,Marco Ghirardi,2020,jits
1048,15472450.2019.1638780,Alessandro Rizzo,2020,jits
1049,15472450.2020.1735385,Sanhita Das,2020,jits
1050,15472450.2020.1735385,Akhilesh Kumar Maurya,2020,jits
